hash,n,target,matrix_bits
-1407369013582253331,30,lattice,101000001001110111001010110110111100101001110111001111111111001000001000100000001010010000101100101001110111001111111111111111101001110111001111111111111101101001110111001111111111101000101001110111001010110111111111111111111111011111111111000000001000000000001010000000111111101111111111011111111111111111101011111111011111111111001000001001100000001010010100000000001000100000001010000000001000001001110011001010010100111111101001111111011111111111001000001001110111001010010100001000001001100011001010010100001000001001100001001010010100111111111111111111111111111111111111101001110111011111111111000000000000000000001010000000101000101001110111001111111111000000000000000000000010000000101000101001110111001011111111001000001001110011001010110100000000001000100000001010010000101000101001110111001010111111001000001000100000001010010100001000001001110011001010010110101000001001110111001010110111
-3486450063910510165,30,lattice,111101111011110111111111111111011000011011110110101111110001001000001001000000000010000000011101011011110111111111110101111111111011110111111111111111011001011011110111101111110001011101111011110111111111111101001000011011110110100110100000000000001000000000000000000000111111111111110111111111111111001000001011100110100110100000000000001001000000000000000000001000001001100100100010000000001000001011110110100110100000111111111111111111111111111111001000001001000100000010000000001000001001000110100010000000001000011011110111101111110001001000001001000100100010000000011001011011110111111111110001001000001011110110101110100000001000001001100110100110100000000000001000000000000010000000001000011011110110101111110000001000001001100110100010100000001000001011110110100110110000011101011011110111111111111101011001011011110111111111110101011101111011110111111111111111001000011011110110101111110001
2623863095006988750,30,lattice,110110111111101010101000001111010110110010101010101000000011111110111111101010101001001111000100010000001010101000000011000110110000001010101000000011111111111111111111101101101111000100110000001010101000000011000000010000000000001000000010010110111010101010101000000111010110111111101010101000001111000100110010001010101000000011010110111011101010101000000111000100110000101010101000000011111110111111111010101101001111000000010000001000101000000010111110111111111110101101001111000000010000001010101000000010111110111111111111101101001111000000010000000000101000000010111111111111111111111101111111000000000000000000001000000000111110111111101010101101001111111111111111111111111111111111110110111111101010101001001111111110111111111111101101101111111111111111111111101101111111010110111011101010101000001111010110110010101010101000000111000000000000000000001000000010000000010000001010101000000011
-7355439118668683518,30,lattice,110000100001010000001110110110010000100001000000000000100000111110101001111000011110110111110110100001011000001110110111110010100001010000001110110110111111101101111111011111111111000000100000000000000000100000111111111111111111011111111111110110101001111000011110110111111110101101111000011111110111111111101111111111011111111111000000000001000000000000100000110110100001111000001110110111010000100001010000000010100000110000100001011000001110110110111110101001111100011111110111111110101101111110011111111111111110101101111111011111111111111111111111111111111111111111110110100001111000011110110111010000100001010000001110100000010000100001000000000110100000010000100001000000000010100000111110101001111000011111110111000000000000000000000000100000010000100001010000001110110000111110101001111000011111111111010000100001010000001110110110010000100001010000001110100010110010100001011000001110110111
421935318958206506,30,lattice,100000101000100000000110001000111010111111110101110111111110001000101000100000000110001000111111111111110101110111111110101010111111110100110111111110111011111111110101110111111110000000100000000000000000000000101000111010100100110111011110000000101000100000000100000000101000101110100100110111011110101000101010100000000111001100101000111111110100110111111110000000100000100000000100000000101000101010110100110111011110111111111111111111111111111111101000101010100100100111001100111111111111110111111111111111101010111111110101110111111110101000101010100000100111001100101000101010100100110111001110111111111111110101111111111110000000100000000000000100000000000000101000100000000110000000101000101000100000000111001000101000111110110100110111111110101000101010100100110111011110000000101000100000000110001000101000101000100000000111001100101000101010100100100111001110111111111111110101111111111111
-8205262280397491645,30,lattice,111111110110111111111111111110011101100000001011000011101110001101100000001011000010001110000100100000001001000010001000011111110010111111111111111110000101100000001001000010001100000000100000000001000000000000011101110000011011100011101110111111111111111111111111111110011111110110111111111111111110011101110010011011100011111110111111110111111111111111111110011101110010111011110011111110011101100000011011000011101110000000100000001001000010001000011101110010111111111111111110000101100000001011000010001100000000000000000001000000000000011101100000011011100011101110011101110010011011110011111110011101110010111011111011111110011101110010111011111111111110000000000000000001000010000000001101100000001011000011001110001101100000001011000011101110011101110000011011100011111110000000000000000001000000001000000100100000001001000010001100000101100000001001000010001110111111111111111111111111111111
1639704414693991187,30,lattice,101101000110000010001000000000111101000111000010011010101010001000000010000000001000000000001100000010000000001000000000111111111111111111111111111111001101000110000010001000000000111101111111111111011111111111111101011111010011011011111011111101001111000010011010101010001100000110000010001000000000000000000010000000001000000000001101000111000010001000000000111101011111110111011111111111111101001111010010011010101010111101011111111111011111111111111101011111010111011111111111001100000010000010001000000000111101001111010011011011101010111101111111111111111111111111101101000111000010011000101010000000000000000000001000000000111101001111010011011111111011101101000111000010011010101010111101001111010010011011101010101101000111000010001000101010111101001111010011011011111010101101000111000010001000001010111101011111010011011111111111001101000110000010001000000010111101001111010011011011111011
2503470237233490786,30,lattice,100000000000100011100010001000111101111111111111111111111110101000100000101011100010011100101100111111111111111111111110111111111111111111111111111110101101111111111111111111111110100000100000101011100010001100101000111110101011100111111110101000101010101011100011111110101000101110101011100111111110101000100010101011100010011110101000111111111111111111111110000000000000100000000000001000101000101110111011100111111110100000000000101011100010001100101000111110111111111111111110000000000000100010000010001000000000000000100011100010001000000000000000100000100010001000101000101110101011110111111110101000111110111011111111111110101000101010101011100111111110000000000000100000000010001000101000100010101011100011111110101000100010101011100010111110100000100000101011100010011100000000000000000000000000001000100000000000100011100010001100101000100000101011100010011110111111111111111111111111111111
4341362669590205225,30,lattice,100010000000000000000010000000111111010001111101011110111111101111010000000001000110101001100110000000000000000110100000000010000000000000000000000000100111010000000000000110101001111111110001111101111110111111100010010000000000000110100000111111111111111111111111111111111111110111111101111111111111111111110011111101111110111111101111010001111101011110111011101111010000101001001110101001101111010000111001001110101001101111010000001001000110101001101111010000111101001110101001111111110111111111111111111111100111010000000001000110101001111111010001111101111110111111101111010000111101011110111011101111010000001001001110101001100010000000000000000110100000000010000000000000000010000000111111110011111101111111111111100010000000000000000010100000101111010000111101001110111011100110010000000000000110101001101111010001111101011110111111101111010000111101001110101011100010000000000000000110100001
-3165076228078525146,30,lattice,111111011111111111111111111111010010011111111011110110011111011011011111111111110110111111011111011111111111110111111111000010000000011000000000010000000011011111111011110110011111111111111111111111111111111111000010010111111011110110011111000010011111111011110110011111000010000100011000110110011100000010000111111011110110011111000010000101011010110110011100000010000101111010110110011100000000000000010000000000000000000000000000011000000000000000000010011111111111110110011111000010000100011010110110011100000010000101111011110110011111000010000000011000100000010000000010000000011000110000010100011111011111111111111111111111000010000000011000110100010100000010000000011000110110010100011011011111111111110111111111010011011111111111110110111111000000000000010000000000010000000010000000011000110110011100000010000000011000100000010100000010000101111010110110011111000010000101111010110110011101
1510953973385918392,30,lattice,110000110110000110011010111010010000000000000010001000000000111000111110011110011010111110111111111111111111111111111111111011111111111110011110111111111001111111111110011010111110010000110110000110001010111000010000010110000110001010111000110000111110011110011010111010010000000100000010001010000000010000000110000010001010101000110000111111011110011010111110110000111110111110011010111110110000110110011110011010111010110000110110001110011010111010010000000110000110001010111000000000000000000010000000000000111011111111111111111110111111111011111111111110111110111111010000110110000110011010111010000000000000000010001000000000111001111111111110011110111110010000000000000010001010000000111011111111111111111111111111010000000100000010001010100000010000000110000010001010111000010000000100000010001010101000110000111110011110011010111110010000110110000110001010111010111001111111111110011110111111
-3980374362351925963,30,lattice,111011101111111111111101011111011011101111111011111101011111001011101111110011111101011101011111101111111111111101011111000011101111010001010101011101000001000010000000000100011100000001100011010001010101011101011011111111111111111101011111000001101111010001010101011101000001100111010001010101011101000000000010000000000000010100000001000011010000000100011100000011101111110011011101011101000001000010010000000100011100001011101111111011111101011101011011101111111111111101011111000011101111010011010101011101000001000011010001000100011100000011101111110011111101011101000001000011010001010100011100000011101111010011011101011101000000000010000000000100011100111111111111111111111111011111000001000011010001010101011100111111111111111111111111111111000000000000000000000000010100000000000010000000000000011100000000000000000000000000000100001011101111111011111101011111000001000011010001010101011101
